InvoiceID,OrderID,InvoiceDate,Amount,PaymentStatus
INV500493,500493,2026-01-12,20192.75,Matched Review
INV501418,501418,2025-03-29,1139.91,Matched Review
INV500277,500277,2024-07-17,467.77,Matched Review
INV500619,500619,2024-07-28,25793.54,Paid
INV500355,500355,2025-03-21,24987.36,Pending
INV501173,501173,2025-09-23,33714.92,Pending
INV500429,500429,2025-10-26,3980.04,Matched Review
INV500432,500432,2025-05-30,7786.48,Matched Review
INV501629,501629,2025-09-18,8616.92,Matched Review
INV501458,501458,2025-06-20,12537.55,Matched Review
INV501364,501364,2025-11-26,26432.49,Paid
INV501266,501266,2025-12-11,29582.72,Matched Review
INV500405,500405,2026-01-05,18154.59,Paid
INV500261,500261,2024-03-28,38403.28,Matched Review
INV500933,500933,2024-09-03,26868.33,Paid
INV500439,500439,2024-02-26,19313.03,Paid
INV501597,501597,2026-01-06,12092.39,Matched Review
INV501311,501311,2024-11-09,11495.01,Pending
INV500127,500127,2025-04-05,3266.15,Paid
INV500751,500751,2024-10-29,32347.73,Paid
INV500678,500678,2024-08-14,34009.09,Matched Review
INV501080,501080,2024-06-27,9332.22,Matched Review
INV500795,500795,2024-08-19,11053.06,Matched Review
INV501558,501558,2025-03-18,15008.39,Pending
INV500139,500139,2025-07-04,10054.19,Matched Review
INV500673,500673,2025-10-26,2899.77,Pending
INV501703,501703,2024-07-30,20421.84,Pending
INV501616,501616,2024-08-03,32272.74,Pending
INV500903,500903,2024-03-03,38131.42,Pending
INV501725,501725,2025-12-21,33358.1,Pending
INV501454,501454,2026-02-14,6672.55,Paid
INV500861,500861,2024-04-22,41494.65,Matched Review
INV500863,500863,2025-03-07,52616.96,Pending
INV501517,501517,2025-11-13,10389.14,Matched Review
INV501388,501388,2025-04-25,14582.63,Matched Review
INV500343,500343,2025-02-16,2480.02,Matched Review
INV500735,500735,2024-03-10,52820.04,Matched Review
INV500880,500880,2025-09-24,32383.13,Pending
INV500917,500917,2024-04-04,12178.26,Paid
INV501301,501301,2025-02-10,25832.65,Matched Review
INV500357,500357,2025-08-05,24999.47,Matched Review
INV500464,500464,2024-11-10,17808.18,Matched Review
INV501709,501709,2024-03-19,33136.63,Paid
INV501732,501732,2024-07-01,4680.72,Pending
INV500731,500731,2025-08-13,42366.99,Paid
INV500287,500287,2025-10-06,28067.76,Matched Review
INV501308,501308,2025-12-04,7333.41,Matched Review
INV500728,500728,2025-10-12,14195.64,Pending
INV501033,501033,2025-07-13,31658.06,Pending
INV500214,500214,2024-09-17,10812.74,Pending
INV500854,500854,2025-12-20,16649.06,Matched Review
INV501327,501327,2024-12-14,43365.35,Paid
INV500598,500598,2025-12-21,6624.96,Matched Review
INV501110,501110,2024-06-23,34181.77,Pending
INV500434,500434,2026-01-30,14192.98,Paid
INV501599,501599,2025-01-04,4848.16,Pending
INV500938,500938,2024-04-06,48681.02,Paid
INV501058,501058,2024-02-04,11292.39,Paid
INV500089,500089,2024-07-22,16197.33,Pending
INV500578,500578,2025-06-23,1502.05,Matched Review
INV500231,500231,2024-05-28,2200.54,Pending
INV500663,500663,2026-02-05,5699.53,Paid
INV500536,500536,2024-10-23,25528.53,Matched Review
INV500316,500316,2024-06-24,30152.95,Paid
INV501503,501503,2024-06-07,22334.33,Pending
INV500487,500487,2025-09-15,3987.48,Matched Review
INV501769,501769,2025-07-04,3261.6,Paid
INV501177,501177,2024-10-13,13390.49,Matched Review
INV501146,501146,2025-06-07,11555.72,Paid
INV500631,500631,2024-04-20,19180.17,Paid
INV501505,501505,2025-06-27,33906.22,Matched Review
INV500088,500088,2024-05-30,7005.34,Paid
INV501366,501366,2024-11-15,8840.94,Paid
INV500474,500474,2024-08-17,18719.77,Paid
INV501118,501118,2024-07-13,16041.8,Pending
INV500363,500363,2025-11-24,10225.58,Matched Review
INV501294,501294,2025-10-20,18645.59,Pending
INV500524,500524,2025-07-31,19718.94,Pending
INV501800,501800,2024-08-06,14224.81,Paid
INV501072,501072,2025-07-09,2781.23,Matched Review
INV501628,501628,2025-05-24,11657.01,Matched Review
INV500189,500189,2024-05-14,36887.95,Pending
INV500686,500686,2025-12-28,38702.49,Matched Review
INV500071,500071,2025-08-04,690.28,Pending
INV501185,501185,2025-04-15,25414.09,Paid
INV500428,500428,2024-08-27,19201.75,Paid
INV500114,500114,2024-04-25,10285.62,Pending
INV500059,500059,2025-11-30,6027.35,Pending
INV500964,500964,2025-06-11,3141.85,Matched Review
INV500232,500232,2026-01-15,12364.16,Matched Review
INV500635,500635,2025-05-14,15879.42,Paid
INV501137,501137,2024-03-19,7544.1,Paid
INV500145,500145,2024-11-11,4530.45,Matched Review
INV500675,500675,2025-10-07,41710.19,Pending
INV500810,500810,2025-09-07,17296.51,Paid
INV500927,500927,2025-01-25,12158.46,Paid
INV500359,500359,2025-12-23,44844.67,Paid
INV501613,501613,2025-03-04,10292.37,Matched Review
INV501202,501202,2024-11-22,33548.97,Matched Review
INV501113,501113,2025-04-28,18306.13,Matched Review
INV500133,500133,2024-06-07,7859.32,Paid
INV501581,501581,2025-05-09,33462.83,Paid
INV500496,500496,2025-05-27,14476.64,Pending
INV500259,500259,2024-06-07,18368.69,Paid
INV501719,501719,2025-03-25,46421.74,Pending
INV501794,501794,2025-06-25,17776.7,Paid
INV500718,500718,2025-05-22,11590.04,Matched Review
INV500519,500519,2026-02-26,709.5,Paid
INV500502,500502,2025-05-14,13301.0,Paid
INV501351,501351,2025-04-22,31712.97,Paid
INV500517,500517,2024-03-12,25929.27,Pending
INV500226,500226,2025-01-02,13799.9,Pending
INV501022,501022,2024-03-27,38036.54,Paid
INV501253,501253,2025-02-28,41950.01,Matched Review
INV500032,500032,2024-03-06,34100.9,Paid
INV500576,500576,2025-06-20,12165.53,Paid
INV500972,500972,2025-10-20,26835.35,Paid
INV500103,500103,2024-10-15,6489.87,Matched Review
INV500284,500284,2025-11-29,47273.3,Matched Review
INV500661,500661,2024-09-16,16517.86,Matched Review
INV501573,501573,2025-11-13,28937.56,Pending
INV500054,500054,2025-06-18,30932.45,Matched Review
INV500296,500296,2024-11-21,4614.06,Pending
INV501279,501279,2024-03-11,16403.3,Pending
INV501189,501189,2026-01-08,10926.03,Paid
INV500338,500338,2024-05-10,44470.29,Paid
INV501739,501739,2025-09-22,21281.8,Paid
INV501413,501413,2026-01-28,7172.95,Pending
INV501325,501325,2025-09-23,30446.47,Paid
INV501352,501352,2025-12-06,17107.86,Paid
INV500650,500650,2024-06-12,14011.82,Paid
INV501213,501213,2024-03-10,23200.79,Paid
INV500550,500550,2025-07-22,12363.23,Pending
INV500065,500065,2024-06-26,7458.0,Matched Review
INV501408,501408,2024-10-28,8788.36,Matched Review
INV501603,501603,2025-03-28,1621.49,Matched Review
INV500447,500447,2024-05-19,20595.35,Paid
INV500058,500058,2024-02-25,7577.43,Matched Review
INV500806,500806,2024-08-22,23142.53,Matched Review
INV500713,500713,2025-08-28,20023.92,Paid
INV501469,501469,2026-01-08,660.94,Paid
INV500067,500067,2025-04-05,11799.87,Pending
INV501519,501519,2024-09-24,32079.69,Pending
INV500262,500262,2024-04-14,24794.64,Pending
INV501440,501440,2025-10-15,2818.17,Pending
INV500254,500254,2025-03-18,28640.15,Pending
INV500739,500739,2025-04-22,32308.35,Pending
INV500799,500799,2025-02-15,5148.0,Pending
INV500069,500069,2025-01-02,29138.1,Paid
INV501131,501131,2024-05-21,9731.58,Matched Review
INV500989,500989,2025-12-09,40432.36,Pending
INV501329,501329,2025-02-07,2141.87,Matched Review
INV501637,501637,2026-02-12,10626.7,Matched Review
INV500257,500257,2025-02-20,1974.57,Matched Review
INV500234,500234,2025-08-28,3215.69,Matched Review
INV501669,501669,2025-03-29,43322.49,Paid
INV500497,500497,2024-07-09,17879.4,Matched Review
INV500154,500154,2024-07-01,21519.92,Matched Review
INV500653,500653,2024-06-22,4984.57,Matched Review
INV501452,501452,2024-05-04,36141.83,Matched Review
INV500503,500503,2024-05-17,21867.76,Pending
INV500850,500850,2025-01-17,22228.03,Matched Review
INV500148,500148,2025-04-24,36871.13,Paid
INV501108,501108,2024-03-24,19115.91,Paid
INV501791,501791,2024-10-23,29697.83,Matched Review
INV501660,501660,2024-11-26,21564.78,Paid
INV500165,500165,2025-07-14,2691.35,Pending
INV501674,501674,2024-05-25,12418.17,Paid
INV501641,501641,2026-01-29,31526.73,Matched Review
INV500317,500317,2025-11-29,31292.53,Matched Review
INV501235,501235,2024-12-21,33160.24,Paid
INV501372,501372,2025-08-29,29299.44,Paid
INV501488,501488,2025-07-27,16362.46,Paid
INV500660,500660,2025-05-04,22434.44,Matched Review
INV501543,501543,2025-08-10,25346.7,Pending
INV500027,500027,2025-02-23,7835.43,Pending
INV501008,501008,2025-11-06,21578.81,Pending
INV500773,500773,2024-04-17,27583.01,Matched Review
INV501456,501456,2025-10-05,26462.46,Matched Review
INV500571,500571,2024-05-13,1445.8,Matched Review
INV501190,501190,2024-06-26,18446.46,Matched Review
INV501714,501714,2025-11-24,23920.44,Paid
INV500612,500612,2026-01-13,2454.9,Pending
INV500514,500514,2024-12-08,16306.41,Paid
INV501650,501650,2024-03-17,41835.84,Matched Review
INV501752,501752,2025-07-11,29868.36,Paid
INV501487,501487,2025-08-07,22608.8,Paid
INV500334,500334,2024-06-10,36105.58,Paid
INV500572,500572,2025-07-24,22749.52,Pending
INV500042,500042,2024-10-02,12099.09,Matched Review
INV500813,500813,2024-03-12,2761.5,Paid
INV501181,501181,2024-08-21,22268.45,Matched Review
INV501284,501284,2024-04-30,3925.49,Pending
INV501012,501012,2025-01-02,7926.79,Pending
INV500595,500595,2025-11-01,38014.79,Pending
INV500876,500876,2024-09-25,25940.57,Pending
INV501464,501464,2025-05-14,14381.15,Pending
INV500035,500035,2026-01-01,29968.84,Matched Review
INV501312,501312,2025-01-07,11392.98,Pending
INV501140,501140,2025-04-27,15256.07,Pending
INV500740,500740,2025-06-19,11363.94,Paid
INV501450,501450,2024-12-15,7890.52,Paid
INV501757,501757,2025-08-06,12490.3,Paid
INV500886,500886,2025-07-20,8722.62,Pending
INV501163,501163,2024-11-09,25309.7,Matched Review
INV500738,500738,2024-07-07,28216.06,Matched Review
INV500771,500771,2025-04-12,8965.32,Paid
INV501389,501389,2026-02-09,4911.14,Pending
INV501611,501611,2024-09-11,2394.93,Paid
INV501117,501117,2024-04-19,18825.54,Pending
INV501627,501627,2025-09-30,8186.26,Matched Review
INV501671,501671,2025-05-21,3597.01,Matched Review
INV500494,500494,2024-07-11,15927.11,Pending
INV501000,501000,2024-08-01,6091.35,Pending
INV501403,501403,2024-01-30,38243.99,Paid
INV500274,500274,2025-05-02,7235.04,Pending
INV500163,500163,2024-09-18,15386.11,Paid
INV501618,501618,2025-08-30,19517.84,Pending
INV500616,500616,2024-03-18,27935.84,Pending
INV501743,501743,2025-06-07,15384.64,Matched Review
INV500662,500662,2025-05-03,9891.24,Matched Review
INV500618,500618,2024-10-13,425.25,Matched Review
INV500077,500077,2024-04-02,6096.43,Matched Review
INV500138,500138,2024-11-30,21411.0,Matched Review
INV500841,500841,2024-04-11,63287.85,Matched Review
INV501060,501060,2025-05-09,31403.54,Paid
INV501401,501401,2024-12-11,17809.81,Paid
INV500137,500137,2024-04-28,39157.32,Paid
INV501423,501423,2025-04-12,7543.38,Paid
INV500210,500210,2025-04-08,13122.85,Paid
INV501017,501017,2024-11-03,26624.61,Matched Review
INV501767,501767,2025-01-05,42759.66,Pending
INV500704,500704,2026-01-10,12041.57,Pending
INV500140,500140,2024-02-29,32568.28,Pending
INV501459,501459,2025-06-04,3856.78,Pending
INV500050,500050,2025-01-11,234.59,Pending
INV501095,501095,2024-09-13,11555.98,Pending
INV501493,501493,2024-05-13,20240.92,Matched Review
INV501414,501414,2024-02-27,13030.24,Pending
INV500732,500732,2025-02-02,9341.21,Pending
INV501784,501784,2024-04-04,12750.46,Paid
INV500881,500881,2025-01-27,7173.6,Matched Review
INV500176,500176,2024-09-10,43302.34,Matched Review
INV501585,501585,2025-04-21,21610.87,Pending
INV500358,500358,2025-05-06,16650.86,Matched Review
INV500817,500817,2025-11-10,20200.82,Matched Review
INV501729,501729,2025-03-30,27705.03,Paid
INV501657,501657,2025-06-25,30853.97,Matched Review
INV500373,500373,2025-06-18,4438.22,Matched Review
INV501159,501159,2025-08-24,9820.07,Paid
INV500909,500909,2024-08-07,9972.17,Matched Review
INV501015,501015,2024-12-06,7134.37,Matched Review
INV500657,500657,2024-06-25,28412.31,Pending
INV501362,501362,2025-11-01,17680.08,Pending
INV501237,501237,2026-01-10,12935.03,Matched Review
INV500375,500375,2025-10-15,30923.58,Matched Review
INV500164,500164,2025-05-26,42178.56,Pending
INV501227,501227,2026-01-25,7931.66,Matched Review
INV501001,501001,2025-12-08,23137.7,Pending
INV500509,500509,2025-06-11,1940.82,Matched Review
INV500224,500224,2025-06-07,6849.56,Matched Review
INV500406,500406,2025-10-05,9395.22,Pending
INV501006,501006,2025-08-27,22238.26,Pending
INV500815,500815,2024-04-29,35528.04,Pending
INV501666,501666,2025-07-03,22875.55,Paid
INV501262,501262,2025-02-08,6840.62,Paid
INV500307,500307,2025-02-17,22125.78,Pending
INV501268,501268,2024-04-05,6118.87,Pending
INV501320,501320,2024-06-03,3279.36,Matched Review
INV500376,500376,2024-09-05,32045.75,Matched Review
INV500976,500976,2025-02-06,13088.2,Paid
INV501556,501556,2025-05-25,13916.66,Matched Review
INV500377,500377,2025-06-13,4874.87,Paid
INV501721,501721,2026-01-02,17164.35,Matched Review
INV501640,501640,2025-12-17,16590.07,Matched Review
INV500378,500378,2025-03-17,18285.09,Paid
INV501656,501656,2024-06-10,7652.37,Paid
INV500935,500935,2024-04-22,21464.32,Pending
INV501446,501446,2024-11-09,28208.06,Pending
INV500853,500853,2024-07-18,4479.03,Pending
INV500825,500825,2024-12-07,22174.35,Matched Review
INV501795,501795,2025-03-30,41695.01,Matched Review
INV500223,500223,2025-03-15,13058.17,Matched Review
INV500090,500090,2025-01-20,12987.2,Paid
INV500827,500827,2024-03-11,29639.22,Paid
INV500659,500659,2024-03-02,29533.94,Paid
INV500187,500187,2024-03-23,9756.94,Matched Review
INV500667,500667,2025-09-11,19703.02,Matched Review
INV501043,501043,2025-11-09,1918.8,Matched Review
INV501273,501273,2025-11-13,3787.72,Paid
INV500929,500929,2024-05-18,3426.51,Paid
INV501061,501061,2024-03-31,2472.8,Paid
INV500158,500158,2025-04-08,21525.21,Paid
INV501468,501468,2024-06-20,19901.95,Matched Review
INV501168,501168,2024-04-24,19313.94,Pending
INV501415,501415,2025-11-06,4124.79,Matched Review
INV500870,500870,2025-09-08,3600.68,Matched Review
INV500409,500409,2025-11-18,33887.33,Pending
INV501632,501632,2025-06-02,31167.29,Pending
INV501158,501158,2024-07-28,28509.97,Matched Review
INV501007,501007,2026-02-18,25044.47,Matched Review
INV500326,500326,2024-08-19,14838.21,Paid
INV500950,500950,2025-06-22,21472.68,Pending
INV500805,500805,2025-03-27,22249.23,Pending
INV500412,500412,2024-06-25,44622.01,Matched Review
INV500451,500451,2025-05-15,4363.93,Paid
INV500073,500073,2024-08-01,20554.92,Matched Review
INV501154,501154,2024-09-07,24092.71,Paid
INV500337,500337,2025-07-20,13752.37,Pending
INV501191,501191,2025-11-03,8989.62,Paid
INV501122,501122,2025-02-16,15861.93,Matched Review
INV500959,500959,2025-08-25,31373.72,Matched Review
INV501566,501566,2024-08-23,8739.08,Matched Review
INV500134,500134,2025-11-09,17031.73,Pending
INV500426,500426,2025-01-01,6293.98,Paid
INV500415,500415,2024-02-03,3389.0,Paid
INV501278,501278,2025-02-27,32167.35,Matched Review
INV500638,500638,2025-10-29,18248.64,Pending
INV500794,500794,2024-06-27,17360.76,Pending
INV500695,500695,2024-12-23,14253.25,Pending
INV501570,501570,2024-09-20,40050.09,Matched Review
INV500609,500609,2024-07-08,25858.55,Paid
INV500974,500974,2025-07-25,1922.89,Matched Review
INV500543,500543,2025-05-12,22836.81,Pending
INV500179,500179,2024-04-22,33276.09,Paid
INV500555,500555,2024-05-28,8939.36,Pending
INV500601,500601,2024-04-27,19845.74,Pending
INV501324,501324,2025-03-28,32680.82,Paid
INV500894,500894,2025-04-20,21741.42,Matched Review
INV501274,501274,2024-12-23,52044.11,Paid
INV501507,501507,2025-09-08,16827.91,Pending
INV501042,501042,2024-05-02,928.98,Paid
INV501141,501141,2025-10-25,7049.76,Matched Review
INV500281,500281,2025-05-03,11124.3,Pending
INV500633,500633,2025-02-12,35232.91,Matched Review
INV500830,500830,2024-11-13,11816.12,Pending
INV501782,501782,2025-05-06,40566.56,Pending
INV501704,501704,2025-03-22,40142.63,Matched Review
INV501547,501547,2024-10-25,10916.25,Paid
INV500159,500159,2024-11-06,13074.72,Paid
INV500066,500066,2024-02-04,41023.19,Pending
INV500030,500030,2025-02-12,4288.85,Pending
INV500789,500789,2025-12-21,17091.8,Paid
INV500605,500605,2024-02-09,11079.57,Paid
INV500999,500999,2025-06-10,6207.05,Paid
INV500931,500931,2024-12-19,3648.41,Pending
INV500170,500170,2025-07-18,1574.87,Matched Review
INV501772,501772,2025-12-03,17112.63,Pending
INV500920,500920,2025-05-29,9078.57,Paid
INV501205,501205,2025-09-30,24838.05,Paid
INV500318,500318,2025-07-26,30420.03,Matched Review
INV500833,500833,2025-07-27,23717.58,Pending
INV500759,500759,2026-01-17,24587.47,Paid
INV500014,500014,2025-06-12,6721.07,Matched Review
INV500888,500888,2025-06-24,6350.3,Matched Review
INV500545,500545,2025-08-12,35610.17,Pending
INV501716,501716,2025-09-18,30959.92,Pending
INV500498,500498,2025-05-12,39381.15,Matched Review
INV500800,500800,2024-05-20,28163.74,Matched Review
INV501407,501407,2024-09-07,11802.43,Matched Review
INV500829,500829,2025-09-02,29306.94,Paid
INV500205,500205,2024-06-29,20671.6,Pending
INV500783,500783,2025-10-24,14965.51,Paid
INV500450,500450,2024-11-14,5458.66,Matched Review
INV501425,501425,2024-11-19,8324.04,Paid
INV501661,501661,2025-01-10,30887.61,Paid
INV500621,500621,2024-09-19,2915.6,Paid
INV500926,500926,2025-01-12,17900.83,Paid
INV500780,500780,2025-01-21,39383.48,Paid
INV501538,501538,2026-01-08,31372.84,Pending
INV501658,501658,2024-03-28,30536.06,Pending
INV500577,500577,2024-02-03,7624.01,Matched Review
INV501365,501365,2024-08-01,4976.79,Paid
INV500011,500011,2025-11-26,22215.79,Pending
INV500832,500832,2025-03-14,38924.35,Pending
INV501779,501779,2024-05-13,34499.77,Paid
INV500463,500463,2025-06-03,17884.92,Matched Review
INV501514,501514,2025-07-24,8050.22,Matched Review
INV500720,500720,2026-01-30,44659.71,Paid
INV501336,501336,2025-12-19,45047.02,Matched Review
INV500407,500407,2025-01-24,9976.57,Matched Review
INV500697,500697,2025-04-22,31146.83,Matched Review
INV501180,501180,2025-06-03,45294.77,Pending
INV500382,500382,2024-05-19,9825.13,Paid
INV501315,501315,2024-10-30,11277.29,Paid
INV500651,500651,2026-02-27,14946.12,Matched Review
INV501551,501551,2024-11-04,12220.16,Matched Review
INV500006,500006,2024-08-28,46199.06,Paid
INV501291,501291,2024-06-19,19570.81,Matched Review
INV500048,500048,2024-02-08,10397.51,Paid
INV500923,500923,2025-10-18,36171.52,Matched Review
INV500266,500266,2024-03-19,10427.34,Paid
INV500518,500518,2024-08-14,24708.86,Matched Review
INV500488,500488,2024-11-01,23245.52,Matched Review
INV501238,501238,2025-05-22,16008.27,Paid
INV500837,500837,2025-05-17,27700.2,Pending
INV501557,501557,2024-09-27,7262.83,Pending
INV501763,501763,2025-06-17,12566.4,Pending
INV501021,501021,2024-04-16,21640.89,Paid
INV501593,501593,2024-12-04,37021.95,Matched Review
INV500290,500290,2025-10-12,29737.49,Pending
INV501453,501453,2024-10-27,16097.05,Pending
INV500056,500056,2024-08-27,18243.64,Pending
INV500727,500727,2024-06-14,24584.11,Matched Review
INV500402,500402,2025-03-03,23871.1,Matched Review
INV501182,501182,2024-10-22,41677.86,Matched Review
INV500111,500111,2025-11-29,20477.78,Matched Review
INV500642,500642,2024-09-22,8908.68,Matched Review
INV501339,501339,2025-06-25,2223.09,Paid
INV501280,501280,2024-07-20,27515.9,Matched Review
INV501299,501299,2025-07-19,17955.44,Matched Review
INV501223,501223,2025-01-20,1225.2,Pending
INV501004,501004,2024-03-09,13641.89,Pending
INV500864,500864,2025-03-23,24029.04,Pending
INV501322,501322,2024-07-08,41043.39,Paid
INV500099,500099,2024-04-06,20628.57,Paid
INV501285,501285,2024-09-12,26248.9,Pending
INV500868,500868,2025-04-22,48965.63,Paid
INV501583,501583,2024-07-23,44365.99,Pending
INV500304,500304,2024-01-13,18247.78,Pending
INV501209,501209,2025-11-07,6715.43,Pending
INV501368,501368,2025-08-01,35434.78,Matched Review
INV501097,501097,2024-05-30,15707.76,Paid
INV500327,500327,2024-07-04,879.37,Matched Review
INV501370,501370,2025-03-06,1965.13,Matched Review
INV500289,500289,2025-06-08,13302.48,Matched Review
INV500430,500430,2025-03-18,23642.29,Pending
INV500255,500255,2026-01-09,23976.35,Paid
INV500395,500395,2024-06-22,10318.93,Pending
INV500945,500945,2024-07-26,24436.7,Paid
INV500840,500840,2025-02-17,9728.52,Paid
INV501328,501328,2024-07-28,5816.2,Paid
INV501236,501236,2024-07-25,6810.89,Pending
INV500076,500076,2025-07-27,2166.9,Matched Review
INV501062,501062,2025-04-08,16340.04,Paid
INV500820,500820,2024-03-26,26180.67,Paid
INV500733,500733,2025-10-17,25592.57,Matched Review
INV500093,500093,2025-02-20,3459.68,Matched Review
INV501272,501272,2025-01-22,13913.11,Paid
INV500685,500685,2025-11-27,13313.27,Pending
INV500003,500003,2024-04-13,20041.24,Matched Review
INV500072,500072,2024-06-20,32305.63,Matched Review
INV501790,501790,2024-06-28,26249.33,Pending
INV501548,501548,2025-03-18,30556.95,Pending
INV501422,501422,2024-10-23,25031.52,Matched Review
INV501073,501073,2024-05-24,45139.81,Pending
INV500294,500294,2025-05-04,33044.8,Paid
INV501341,501341,2025-11-27,4594.99,Paid
INV500889,500889,2024-07-01,12861.42,Pending
INV500879,500879,2025-05-27,13999.01,Matched Review
INV500310,500310,2025-03-10,27068.78,Matched Review
INV500551,500551,2024-09-22,8467.56,Pending
INV501116,501116,2024-12-10,7829.27,Pending
INV501228,501228,2025-10-24,20758.74,Paid
INV501735,501735,2025-03-03,11256.47,Paid
INV501639,501639,2025-05-03,24382.34,Matched Review
INV500560,500560,2025-08-09,33442.87,Pending
INV501127,501127,2025-11-19,19948.59,Paid
INV501648,501648,2025-01-06,30847.08,Pending
INV500354,500354,2024-06-06,27291.34,Matched Review
INV500982,500982,2025-09-26,29597.18,Pending
INV500041,500041,2024-05-07,6195.59,Matched Review
INV501208,501208,2024-07-25,13045.63,Matched Review
INV500012,500012,2026-02-27,48737.87,Matched Review
INV500064,500064,2025-11-04,753.94,Matched Review
INV500557,500557,2025-01-01,30904.05,Paid
INV500414,500414,2024-10-04,11095.32,Matched Review
INV501160,501160,2024-06-21,42719.95,Matched Review
INV500919,500919,2024-04-25,53518.91,Matched Review
INV501145,501145,2026-01-01,9201.19,Pending
INV500860,500860,2025-05-05,24877.98,Paid
INV500410,500410,2025-07-28,28755.13,Pending
INV500671,500671,2024-01-31,7840.33,Matched Review
INV501298,501298,2025-09-14,8472.49,Pending
INV501241,501241,2024-06-14,8328.61,Pending
INV501406,501406,2025-03-12,25337.13,Pending
INV500192,500192,2024-11-05,11517.4,Matched Review
INV501685,501685,2025-02-26,922.57,Pending
INV500468,500468,2024-08-17,19806.55,Paid
INV500610,500610,2024-05-06,12798.16,Matched Review
INV500227,500227,2024-05-13,21074.03,Paid
INV501683,501683,2026-01-23,23472.23,Matched Review
INV500393,500393,2024-09-23,21590.23,Paid
INV500899,500899,2024-08-02,25620.06,Matched Review
INV500016,500016,2024-12-18,28338.79,Pending
INV500977,500977,2026-01-17,17626.48,Pending
INV500575,500575,2025-11-26,5948.18,Paid
INV500125,500125,2024-12-26,45817.33,Matched Review
INV501375,501375,2025-01-07,6168.64,Paid
INV500249,500249,2024-01-26,3357.28,Paid
INV501323,501323,2025-05-20,19601.73,Matched Review
INV500816,500816,2025-02-11,22549.99,Matched Review
INV501149,501149,2024-03-01,18896.68,Pending
INV500998,500998,2024-10-15,32084.18,Pending
INV500706,500706,2025-04-01,8443.39,Pending
INV501500,501500,2025-12-24,24711.07,Matched Review
INV501245,501245,2025-12-06,20134.86,Pending
INV501342,501342,2025-10-27,23583.64,Paid
INV500828,500828,2024-02-09,7043.91,Paid
INV500535,500535,2024-02-16,17956.58,Pending
INV500754,500754,2025-03-24,22523.43,Matched Review
INV500985,500985,2024-10-30,22701.81,Matched Review
INV501776,501776,2025-06-26,1361.79,Pending
INV500665,500665,2024-06-16,14906.05,Paid
INV501601,501601,2024-10-21,15373.71,Matched Review
INV501128,501128,2024-05-22,56955.13,Matched Review
INV501330,501330,2025-04-18,17126.99,Pending
INV500589,500589,2025-11-13,25339.04,Matched Review
INV500448,500448,2025-09-29,20709.79,Pending
INV500068,500068,2024-09-24,8312.04,Pending
INV501675,501675,2025-12-14,24635.62,Paid
INV501214,501214,2024-09-18,32763.55,Matched Review
INV500632,500632,2025-08-12,17214.08,Pending
INV501480,501480,2024-11-16,6227.96,Paid
INV500922,500922,2025-05-19,61307.13,Paid
INV501435,501435,2024-07-07,12672.77,Paid
INV501379,501379,2025-06-03,8555.88,Pending
INV500873,500873,2025-12-12,2095.01,Pending
INV500792,500792,2025-05-16,28937.35,Matched Review
INV500367,500367,2024-10-28,28659.45,Pending
INV501303,501303,2026-01-20,48542.46,Pending
INV500480,500480,2025-08-18,16485.65,Matched Review
INV500967,500967,2024-03-19,18604.72,Matched Review
INV500980,500980,2025-07-14,19858.44,Matched Review
INV501797,501797,2025-07-31,59604.58,Paid
INV500128,500128,2024-07-25,8891.32,Matched Review
INV500278,500278,2025-05-25,19822.67,Matched Review
INV501333,501333,2025-04-27,28914.36,Paid
INV500781,500781,2024-10-17,20369.45,Paid
INV500381,500381,2025-11-18,16649.65,Paid
INV501483,501483,2025-08-05,3236.29,Paid
INV501427,501427,2025-12-23,749.04,Matched Review
INV500709,500709,2025-05-09,20259.15,Matched Review
INV500228,500228,2024-09-29,39826.34,Paid
INV500646,500646,2025-03-05,32473.98,Pending
INV501358,501358,2024-03-11,15292.71,Matched Review
INV501179,501179,2024-03-01,7026.42,Pending
INV500421,500421,2025-04-13,1332.37,Matched Review
INV501038,501038,2024-07-15,13657.63,Pending
INV500522,500522,2025-09-19,44026.9,Paid
INV500510,500510,2025-11-12,60438.95,Matched Review
INV501114,501114,2024-12-14,29454.16,Paid
INV500527,500527,2025-03-10,25947.79,Paid
INV500775,500775,2024-02-10,26639.32,Paid
INV501525,501525,2026-01-31,21403.66,Paid
INV500386,500386,2025-08-02,24986.76,Matched Review
INV501405,501405,2024-09-16,775.39,Matched Review
INV500897,500897,2024-08-27,6146.26,Pending
INV500597,500597,2024-03-31,19665.26,Matched Review
INV500744,500744,2025-01-23,14378.06,Paid
INV500438,500438,2024-11-21,25278.12,Pending
INV500548,500548,2024-12-22,989.1,Matched Review
INV501710,501710,2025-06-24,57751.52,Matched Review
INV500528,500528,2025-09-19,31971.48,Matched Review
INV501693,501693,2024-06-19,35583.36,Matched Review
INV501369,501369,2025-03-30,31078.59,Matched Review
INV500762,500762,2025-04-07,39086.17,Paid
INV501689,501689,2024-04-30,27387.59,Pending
INV501788,501788,2025-12-25,4621.88,Pending
INV501766,501766,2024-09-17,14199.71,Matched Review
INV500694,500694,2025-07-25,28505.43,Pending
INV501295,501295,2025-12-11,10408.11,Pending
INV500121,500121,2024-02-05,44124.3,Paid
INV501100,501100,2024-10-10,10958.35,Paid
INV501036,501036,2025-04-24,1968.98,Paid
INV501426,501426,2025-12-30,10317.68,Matched Review
INV500742,500742,2025-02-19,17297.86,Matched Review
INV501240,501240,2024-12-03,17607.6,Pending
INV500323,500323,2026-02-16,15915.46,Paid
INV500173,500173,2025-01-03,18359.91,Pending
INV501367,501367,2025-11-05,3782.37,Matched Review
INV500872,500872,2025-03-05,5818.79,Pending
INV500594,500594,2024-09-12,11910.94,Pending
INV501651,501651,2024-12-23,21822.47,Paid
INV501210,501210,2024-07-01,36635.7,Matched Review
INV500248,500248,2024-10-15,23181.55,Matched Review
INV500436,500436,2024-03-03,18306.45,Paid
INV500079,500079,2024-04-03,43541.31,Pending
INV501212,501212,2025-06-20,19737.55,Matched Review
INV500849,500849,2026-02-20,4102.66,Paid
INV500156,500156,2025-03-21,22775.22,Matched Review
INV500729,500729,2024-07-29,9712.71,Paid
INV501129,501129,2024-11-13,818.36,Matched Review
INV500912,500912,2025-08-09,14521.9,Matched Review
INV500949,500949,2026-01-10,54312.22,Matched Review
INV501479,501479,2025-10-23,46395.19,Paid
INV500443,500443,2025-09-28,20360.32,Matched Review
INV500752,500752,2025-08-19,16630.24,Paid
INV501699,501699,2024-12-30,14904.28,Paid
INV500168,500168,2024-12-27,27948.46,Pending
INV500020,500020,2024-12-30,17218.04,Paid
INV500392,500392,2025-04-12,27879.16,Matched Review
INV500741,500741,2024-03-28,36312.59,Matched Review
INV500333,500333,2024-06-11,21303.62,Matched Review
INV500045,500045,2025-01-06,16653.59,Pending
INV500981,500981,2025-07-15,37348.46,Paid
INV501638,501638,2025-05-04,28478.76,Matched Review
INV500194,500194,2026-02-11,4830.26,Paid
INV500834,500834,2024-09-21,19465.58,Pending
INV500676,500676,2026-01-20,8897.28,Pending
INV500668,500668,2025-01-18,11039.49,Pending
INV500240,500240,2025-11-10,26655.03,Pending
INV501783,501783,2025-07-26,24276.36,Paid
INV500034,500034,2025-01-28,23339.01,Matched Review
INV501759,501759,2025-08-02,55901.99,Paid
INV500691,500691,2024-12-06,50372.15,Matched Review
INV500469,500469,2024-04-22,27728.41,Pending
INV500293,500293,2024-11-25,49268.8,Pending
INV500291,500291,2024-03-09,9051.66,Matched Review
INV500346,500346,2026-02-06,10626.75,Matched Review
INV501421,501421,2026-01-31,17755.21,Matched Review
INV500684,500684,2025-09-02,19209.59,Matched Review
INV501762,501762,2025-11-04,21415.09,Matched Review
INV500400,500400,2024-12-15,39303.29,Pending
INV501620,501620,2025-01-03,2715.11,Paid
INV501138,501138,2025-08-15,6174.69,Matched Review
INV500080,500080,2025-11-03,2558.91,Paid
INV500705,500705,2024-05-16,2125.33,Matched Review
INV500021,500021,2025-10-04,18296.07,Paid
INV501642,501642,2024-09-27,7956.19,Pending
INV500992,500992,2024-08-26,30877.14,Pending
INV501437,501437,2024-06-02,5894.3,Pending
INV501768,501768,2024-08-21,19353.75,Pending
INV500994,500994,2024-12-18,26856.27,Pending
INV500965,500965,2025-05-27,14550.21,Pending
INV501313,501313,2025-03-05,10000.05,Matched Review
INV501550,501550,2024-05-23,2310.12,Pending
INV501696,501696,2025-03-21,26835.52,Pending
INV500239,500239,2024-09-24,24651.53,Paid
INV500579,500579,2024-11-10,11421.89,Pending
INV501753,501753,2024-11-29,9799.78,Pending
INV500151,500151,2024-12-11,11870.75,Paid
INV501575,501575,2025-04-24,16758.4,Pending
INV501506,501506,2024-12-10,9217.45,Matched Review
INV500677,500677,2024-09-21,28400.58,Matched Review
INV500625,500625,2025-03-30,36572.34,Paid
INV501316,501316,2024-11-14,8931.28,Paid
INV501067,501067,2024-09-24,20938.21,Matched Review
INV501560,501560,2025-05-01,5188.93,Paid
INV501068,501068,2025-03-04,37962.84,Matched Review
INV500331,500331,2024-08-27,14940.73,Paid
INV501200,501200,2025-07-28,20658.39,Paid
INV500036,500036,2025-05-10,14249.93,Paid
INV501447,501447,2025-02-08,4956.24,Paid
INV500446,500446,2024-03-06,7610.09,Pending
INV500342,500342,2024-02-08,4569.64,Pending
INV501203,501203,2025-10-18,9933.86,Paid
INV501497,501497,2025-04-22,1118.04,Matched Review
INV501734,501734,2025-07-21,20955.25,Matched Review
INV501579,501579,2025-08-08,19029.05,Matched Review
INV500238,500238,2024-07-26,1738.5,Pending
INV500745,500745,2024-07-02,9938.25,Paid
INV500990,500990,2025-12-22,50391.63,Paid
INV501135,501135,2024-04-13,24607.97,Matched Review
INV500957,500957,2025-08-14,30984.64,Pending
INV501633,501633,2024-09-11,8421.28,Pending
INV500039,500039,2024-07-25,53606.22,Paid
INV501580,501580,2025-11-27,28735.18,Matched Review
INV500105,500105,2024-03-17,37629.6,Matched Review
INV501086,501086,2024-08-30,11249.41,Pending
INV500229,500229,2025-05-23,2353.54,Matched Review
INV501178,501178,2025-11-14,14473.57,Pending
INV500803,500803,2024-02-26,16064.33,Pending
INV500437,500437,2025-02-21,7636.08,Paid
INV500892,500892,2025-01-21,1446.98,Pending
INV500271,500271,2025-04-01,24469.07,Pending
INV500679,500679,2024-07-09,18673.44,Pending
INV501522,501522,2025-10-03,19703.05,Pending
INV500961,500961,2025-02-27,27010.94,Pending
INV500988,500988,2024-02-13,6688.19,Pending
INV500717,500717,2026-01-02,31581.41,Matched Review
INV501680,501680,2024-04-22,17489.34,Matched Review
INV501582,501582,2024-07-18,24830.84,Paid
INV500851,500851,2025-05-09,20135.46,Pending
INV501765,501765,2024-10-07,19081.51,Paid
INV501529,501529,2024-07-16,18804.91,Matched Review
INV501574,501574,2026-01-20,4459.96,Pending
INV500875,500875,2025-04-01,13880.73,Pending
INV500490,500490,2024-08-02,25117.58,Pending
INV500280,500280,2024-07-02,26802.15,Paid
INV500207,500207,2024-06-24,7478.99,Matched Review
INV501793,501793,2024-02-20,7727.89,Pending
INV500538,500538,2024-06-11,15763.88,Matched Review
INV500856,500856,2025-02-12,4792.81,Matched Review
INV500831,500831,2025-03-19,22201.8,Paid
INV500699,500699,2024-02-25,37456.76,Matched Review
INV500425,500425,2024-12-25,22251.56,Paid
INV501101,501101,2025-11-20,41181.74,Paid
INV501040,501040,2024-11-01,2311.84,Paid
INV500918,500918,2025-02-21,31579.42,Pending
INV500320,500320,2025-04-25,51811.78,Paid
INV501542,501542,2025-09-08,20325.96,Pending
INV500162,500162,2025-04-03,23271.56,Pending
INV500525,500525,2024-05-29,22378.82,Matched Review
INV500513,500513,2025-02-14,27032.44,Paid
INV500484,500484,2024-10-01,10521.06,Pending
INV500878,500878,2024-04-08,6169.46,Paid
INV501539,501539,2024-08-25,5127.18,Paid
INV501264,501264,2025-10-14,1469.88,Paid
INV500987,500987,2025-12-22,12239.34,Pending
INV500477,500477,2024-10-05,28640.56,Pending
INV501481,501481,2024-03-13,1482.24,Pending
INV501171,501171,2025-12-11,34099.69,Matched Review
INV501020,501020,2024-11-23,34803.51,Paid
INV500962,500962,2025-12-07,51945.36,Matched Review
INV500456,500456,2024-07-22,20404.32,Matched Review
INV500022,500022,2025-05-20,13865.96,Pending
INV500930,500930,2025-07-02,28899.41,Paid
INV501305,501305,2025-06-20,14788.47,Matched Review
INV500167,500167,2024-11-03,21185.86,Matched Review
INV500116,500116,2025-07-03,17432.17,Pending
INV500858,500858,2025-10-31,32488.89,Paid
INV501263,501263,2025-01-06,16299.32,Pending
INV501087,501087,2025-10-05,13283.72,Matched Review
INV501174,501174,2024-09-18,30383.09,Paid
INV500567,500567,2025-08-16,25099.56,Paid
INV500944,500944,2024-11-21,21053.21,Paid
INV500835,500835,2024-02-14,9220.21,Paid
INV501536,501536,2025-08-31,8560.47,Pending
INV500599,500599,2025-11-15,1588.52,Pending
INV500585,500585,2025-09-01,20826.14,Pending
INV500664,500664,2025-12-16,32970.0,Paid
INV500301,500301,2024-11-09,29281.4,Paid
INV500100,500100,2024-10-12,16358.71,Matched Review
INV501378,501378,2024-08-20,5243.52,Matched Review
INV500558,500558,2025-09-10,16464.08,Paid
INV501692,501692,2025-05-08,12493.8,Pending
INV500547,500547,2025-09-11,23477.71,Paid
INV500431,500431,2024-12-29,19287.22,Paid
INV500129,500129,2024-03-12,17736.11,Pending
INV501431,501431,2024-04-02,17007.19,Paid
INV500153,500153,2025-07-16,21408.12,Paid
INV500252,500252,2025-03-11,28246.13,Paid
INV501346,501346,2025-08-03,5796.5,Paid
INV501532,501532,2025-02-19,20877.81,Paid
INV500112,500112,2024-12-27,9757.87,Pending
INV501646,501646,2025-07-24,30341.41,Pending
INV501222,501222,2024-08-06,2815.38,Pending
INV501192,501192,2024-12-21,5976.62,Matched Review
INV500369,500369,2024-12-24,11985.53,Matched Review
INV500136,500136,2025-07-02,14986.0,Matched Review
INV501723,501723,2024-12-01,21511.33,Paid
INV500859,500859,2024-11-21,44835.81,Paid
INV500370,500370,2025-12-03,12916.78,Pending
INV500613,500613,2024-09-18,16393.55,Matched Review
INV500155,500155,2024-06-28,33060.77,Pending
INV501521,501521,2024-04-14,23658.41,Paid
INV501134,501134,2025-05-08,10483.93,Paid
INV501545,501545,2024-02-27,4701.58,Paid
INV500306,500306,2025-09-23,19036.87,Matched Review
INV501697,501697,2024-12-03,12668.62,Pending
INV501244,501244,2024-12-31,15957.19,Pending
INV500991,500991,2025-07-06,24383.78,Paid
INV500420,500420,2025-06-03,45980.55,Paid
INV500365,500365,2024-10-05,26283.6,Pending
INV501607,501607,2025-03-10,17897.21,Matched Review
INV500582,500582,2025-11-02,24905.26,Matched Review
INV500768,500768,2025-07-13,17745.09,Paid
INV500247,500247,2025-02-16,27796.65,Pending
INV500867,500867,2026-01-13,19542.64,Matched Review
INV501353,501353,2024-11-30,32445.16,Matched Review
INV500314,500314,2025-03-01,15375.13,Matched Review
INV501750,501750,2024-08-21,35767.9,Matched Review
INV501216,501216,2026-01-03,16686.22,Pending
INV501383,501383,2026-03-01,13420.53,Matched Review
INV500726,500726,2026-02-20,16609.82,Paid
INV501028,501028,2025-09-01,35735.57,Matched Review
INV501501,501501,2025-06-02,26552.59,Matched Review
INV500891,500891,2024-02-09,19776.35,Paid
INV500966,500966,2024-05-28,11158.77,Paid
INV501034,501034,2025-02-27,16947.9,Pending
INV500142,500142,2025-11-17,9959.42,Matched Review
INV501267,501267,2025-08-11,18969.91,Matched Review
INV501350,501350,2024-04-28,42774.21,Pending
INV501239,501239,2025-03-08,15614.6,Pending
INV501588,501588,2025-02-27,14355.2,Matched Review
INV501152,501152,2025-10-06,38767.09,Pending
INV500113,500113,2024-08-06,32511.44,Matched Review
INV501037,501037,2025-01-30,8371.55,Pending
INV501250,501250,2024-09-21,13630.71,Matched Review
INV501717,501717,2025-08-29,8508.92,Pending
INV501444,501444,2024-07-02,13480.03,Pending
INV500283,500283,2025-08-10,19630.93,Matched Review
INV501491,501491,2025-01-11,16661.45,Paid
INV500546,500546,2025-01-17,23484.61,Matched Review
INV501363,501363,2025-01-10,48553.21,Pending
INV501668,501668,2024-09-21,3687.84,Matched Review
INV500453,500453,2024-04-13,39006.25,Paid
INV501196,501196,2024-04-22,4326.96,Paid
INV501594,501594,2025-08-21,18981.36,Paid
INV500060,500060,2025-06-11,1326.93,Matched Review
INV500335,500335,2024-07-24,24849.01,Paid
INV500329,500329,2025-05-25,48009.32,Pending
INV500910,500910,2025-03-31,15521.49,Matched Review
INV500656,500656,2025-11-30,47327.44,Matched Review
INV501707,501707,2025-05-19,15124.88,Matched Review
INV500645,500645,2024-12-03,22631.32,Pending
INV501335,501335,2025-04-27,52694.82,Paid
INV501554,501554,2024-10-29,10956.12,Paid
INV501204,501204,2025-01-05,23978.3,Matched Review
INV501433,501433,2026-01-04,5611.75,Paid
INV500353,500353,2024-05-12,34865.08,Matched Review
INV500222,500222,2024-02-22,11108.67,Matched Review
INV500119,500119,2025-02-07,17401.76,Pending
INV501088,501088,2024-03-16,15303.36,Pending
INV501077,501077,2025-04-24,1104.53,Pending
INV500637,500637,2025-09-11,41744.31,Matched Review
INV501049,501049,2025-05-19,3120.88,Paid
INV500005,500005,2025-08-07,705.8,Matched Review
INV500171,500171,2025-01-26,11993.2,Paid
INV500641,500641,2024-03-12,16113.28,Matched Review
INV501024,501024,2025-06-04,13447.25,Pending
INV501546,501546,2025-04-08,16535.01,Paid
INV501144,501144,2025-11-01,36724.5,Matched Review
INV501056,501056,2025-08-24,2999.61,Matched Review
INV500046,500046,2024-10-19,28849.19,Pending
INV500984,500984,2024-03-21,19003.13,Paid
INV501219,501219,2024-04-08,54612.53,Pending
INV500350,500350,2026-01-10,20580.55,Paid
INV501332,501332,2024-07-03,29263.15,Pending
INV500253,500253,2024-07-23,11498.97,Matched Review
INV500009,500009,2025-07-23,33853.61,Paid
INV500996,500996,2025-01-20,55691.73,Paid
INV500902,500902,2025-12-21,22005.97,Pending
INV501019,501019,2026-02-19,13885.05,Paid
INV500219,500219,2025-02-22,3115.51,Matched Review
INV500246,500246,2026-02-13,9692.54,Pending
INV500719,500719,2025-06-25,34366.71,Paid
INV501111,501111,2026-01-13,2695.63,Matched Review
INV500282,500282,2024-04-10,3026.13,Matched Review
INV500245,500245,2025-11-27,1227.03,Matched Review
INV500666,500666,2024-10-17,13380.09,Pending
INV500956,500956,2025-11-01,8434.77,Pending
INV501142,501142,2025-12-28,21273.39,Paid
INV501486,501486,2024-09-03,22970.54,Matched Review
INV500212,500212,2025-09-20,44064.61,Pending
INV501310,501310,2025-08-14,17786.37,Matched Review
INV500302,500302,2025-02-11,18550.48,Paid
INV500512,500512,2025-04-07,29854.25,Matched Review
INV501600,501600,2024-04-22,21233.57,Paid
INV501565,501565,2024-02-25,24213.49,Matched Review
INV501076,501076,2026-02-05,1398.05,Matched Review
INV500300,500300,2024-01-16,2985.71,Paid
INV501792,501792,2024-10-29,12268.14,Pending
INV500225,500225,2025-12-21,6052.38,Matched Review
INV500147,500147,2024-03-15,22067.73,Matched Review
INV500539,500539,2024-04-13,7121.45,Pending
INV500478,500478,2025-03-16,29089.17,Paid
INV501478,501478,2024-11-07,35209.62,Matched Review
INV501232,501232,2025-04-12,14749.47,Matched Review
INV501533,501533,2025-02-10,6363.6,Paid
INV500617,500617,2024-02-25,23939.67,Matched Review
INV500276,500276,2025-12-25,8341.99,Pending
INV501361,501361,2024-04-21,51967.45,Matched Review
INV501050,501050,2024-10-27,23783.29,Matched Review
INV501172,501172,2025-05-22,5361.93,Matched Review
INV500313,500313,2024-02-28,17107.53,Pending
INV500051,500051,2025-07-26,23068.69,Pending
INV501687,501687,2024-12-13,1135.74,Matched Review
INV500286,500286,2024-12-18,12207.68,Matched Review
INV501249,501249,2025-01-17,16738.95,Pending
INV500937,500937,2024-04-29,30870.53,Matched Review
INV500969,500969,2024-10-31,5336.27,Matched Review
INV501102,501102,2024-11-01,43939.79,Paid
INV501504,501504,2025-01-02,13668.47,Paid
INV500823,500823,2025-07-10,4736.36,Pending
INV500869,500869,2025-07-05,16616.79,Matched Review
INV501442,501442,2024-07-10,31946.91,Pending
INV501647,501647,2024-04-15,9723.29,Paid
INV500954,500954,2024-06-15,30818.4,Paid
INV501465,501465,2024-05-31,11974.36,Matched Review
INV500403,500403,2024-07-27,878.28,Matched Review
INV500442,500442,2025-04-12,7603.58,Paid
INV501282,501282,2025-10-15,21313.96,Pending
INV500787,500787,2025-12-23,16325.01,Pending
INV500946,500946,2024-02-16,15656.3,Paid
INV500180,500180,2025-12-24,28966.37,Pending
INV501075,501075,2025-10-30,16830.42,Matched Review
INV500778,500778,2025-04-02,2761.31,Matched Review
INV501297,501297,2024-11-15,54805.85,Matched Review
INV501410,501410,2025-02-10,14996.87,Pending
INV500047,500047,2024-08-10,32722.07,Pending
INV501092,501092,2024-07-24,16913.57,Matched Review
INV501300,501300,2024-06-19,16821.81,Pending
INV500458,500458,2024-11-21,1635.09,Matched Review
INV501608,501608,2025-05-01,14924.91,Matched Review
INV500418,500418,2025-10-24,10168.3,Paid
INV501755,501755,2024-09-18,26650.52,Paid
INV500441,500441,2024-06-27,7695.97,Paid
INV500216,500216,2024-10-24,8103.51,Pending
INV501708,501708,2025-11-26,45066.56,Paid
INV501107,501107,2025-09-26,18378.06,Paid
INV500279,500279,2024-09-03,12036.44,Paid
INV500736,500736,2025-06-23,11067.8,Matched Review
INV500696,500696,2024-06-25,13611.69,Matched Review
INV501510,501510,2024-05-11,44929.09,Paid
INV500018,500018,2025-03-23,20990.4,Matched Review
INV500026,500026,2024-09-17,32414.02,Matched Review
INV500874,500874,2024-03-01,7281.17,Pending
INV500371,500371,2025-05-27,9787.73,Matched Review
INV500723,500723,2024-08-07,22253.41,Paid
INV501221,501221,2024-06-30,5704.35,Matched Review
INV501059,501059,2024-05-12,5947.31,Pending
INV500380,500380,2025-11-07,19984.45,Matched Review
INV500940,500940,2025-11-30,17705.96,Matched Review
INV500643,500643,2024-05-10,26259.19,Paid
INV501730,501730,2024-09-05,15150.77,Matched Review
INV501490,501490,2025-07-28,26525.15,Matched Review
INV501531,501531,2025-06-26,21047.06,Matched Review
INV500348,500348,2024-02-22,37175.98,Paid
INV501728,501728,2024-04-09,4472.34,Pending
INV501711,501711,2025-06-17,22132.93,Matched Review
INV501188,501188,2025-01-17,22277.82,Pending
INV501508,501508,2024-12-16,2979.53,Pending
INV501382,501382,2025-10-09,16515.85,Matched Review
INV500466,500466,2025-08-20,13311.76,Pending
INV501778,501778,2025-11-06,19107.33,Matched Review
INV500460,500460,2024-12-31,21853.32,Matched Review
INV501466,501466,2025-04-14,21002.3,Pending
INV500737,500737,2024-07-26,10770.08,Paid
INV500602,500602,2025-02-10,22275.55,Matched Review
INV501302,501302,2024-05-13,6643.28,Pending
INV500132,500132,2024-04-29,29704.44,Paid
INV501220,501220,2024-12-06,30882.41,Paid
INV501099,501099,2024-08-13,17139.31,Paid
INV500462,500462,2025-02-23,14870.8,Paid
INV500031,500031,2024-04-15,24821.08,Matched Review
INV501002,501002,2025-02-25,21034.4,Pending
INV500195,500195,2024-08-05,20696.41,Matched Review
INV500724,500724,2025-03-10,10894.29,Pending
INV500419,500419,2024-03-14,6501.85,Matched Review
INV501385,501385,2025-08-01,36052.93,Pending
INV501234,501234,2025-12-26,39500.92,Pending
INV501286,501286,2024-08-26,29543.91,Pending
INV500670,500670,2025-12-22,14339.9,Paid
INV501318,501318,2025-01-14,5514.63,Matched Review
INV501747,501747,2025-06-30,3067.19,Paid
INV501679,501679,2024-10-11,12320.15,Matched Review
INV501655,501655,2024-04-08,457.29,Paid
INV501773,501773,2025-02-01,49823.64,Paid
INV500325,500325,2025-12-21,20303.22,Matched Review
INV500237,500237,2024-10-10,14194.94,Paid
INV501430,501430,2026-01-10,57142.13,Paid
INV500258,500258,2024-09-29,24732.16,Pending
INV500583,500583,2025-03-12,3425.9,Matched Review
INV500788,500788,2025-10-08,15881.56,Pending
INV501653,501653,2025-09-02,16591.38,Pending
INV501091,501091,2025-01-16,4763.95,Matched Review
INV501569,501569,2025-04-25,23677.51,Pending
INV500332,500332,2025-09-30,15267.86,Pending
INV500483,500483,2025-05-31,8317.44,Paid
INV500760,500760,2024-09-18,22994.8,Matched Review
INV500758,500758,2025-03-02,27527.86,Matched Review
INV501345,501345,2024-11-07,34154.89,Matched Review
INV501424,501424,2024-04-23,18006.68,Pending
INV500693,500693,2024-05-23,12291.57,Pending
INV500907,500907,2025-01-22,42244.5,Pending
INV501690,501690,2024-07-26,5859.11,Matched Review
INV501448,501448,2025-09-08,4804.6,Matched Review
INV501715,501715,2024-10-16,2364.33,Pending
INV501472,501472,2026-02-09,30419.89,Matched Review
INV500896,500896,2024-03-08,24078.21,Paid
INV501523,501523,2025-06-19,2756.02,Paid
INV501195,501195,2024-12-04,10866.22,Paid
INV500516,500516,2025-07-26,12439.75,Pending
INV501344,501344,2026-01-25,7109.2,Pending
INV501477,501477,2024-06-16,35168.92,Paid
INV500190,500190,2024-08-21,29915.88,Matched Review
INV500203,500203,2025-07-04,36473.67,Pending
INV501764,501764,2025-11-07,11331.61,Matched Review
INV501720,501720,2024-03-10,48770.5,Pending
INV501471,501471,2025-10-15,21999.16,Paid
INV500568,500568,2025-01-23,29985.36,Paid
INV500766,500766,2024-08-23,4088.81,Paid
INV500890,500890,2026-02-02,30271.69,Paid
INV500708,500708,2025-11-05,7954.87,Matched Review
INV500075,500075,2025-09-05,31734.05,Pending
INV501625,501625,2024-10-13,15490.36,Pending
INV500043,500043,2025-01-02,41669.89,Paid
INV501041,501041,2024-02-25,19135.47,Matched Review
INV500160,500160,2025-12-13,21103.63,Pending
INV500683,500683,2025-11-24,32524.05,Paid
INV500924,500924,2024-03-10,15655.11,Matched Review
INV500324,500324,2025-12-13,36889.33,Pending
INV500399,500399,2024-12-04,17616.83,Pending
INV500368,500368,2024-08-23,7984.53,Paid
INV500908,500908,2024-09-22,31469.6,Paid
INV501520,501520,2024-01-29,20967.63,Pending
INV500963,500963,2025-01-05,9590.02,Paid
INV500037,500037,2025-04-13,2831.42,Paid
INV500811,500811,2024-03-23,20495.37,Pending
INV501549,501549,2026-01-29,25553.22,Paid
INV500106,500106,2025-07-15,57073.8,Pending
INV501065,501065,2024-09-17,26347.79,Pending
INV501355,501355,2025-07-18,24260.16,Pending
INV501498,501498,2024-08-08,5887.55,Pending
INV500540,500540,2025-10-03,10380.15,Matched Review
INV500288,500288,2025-11-08,38411.36,Matched Review
INV500995,500995,2024-12-09,3001.25,Matched Review
INV501132,501132,2024-07-10,15937.59,Matched Review
INV501090,501090,2025-04-09,9507.89,Paid
INV500748,500748,2025-01-22,14709.24,Paid
INV501476,501476,2025-01-17,37846.46,Paid
INV501681,501681,2025-12-02,14537.29,Paid
INV500606,500606,2025-07-07,7881.81,Pending
INV501256,501256,2025-12-03,27439.2,Matched Review
INV500230,500230,2025-05-08,29573.54,Pending
INV500569,500569,2025-01-11,9830.84,Matched Review
INV500842,500842,2025-10-14,26166.42,Pending
INV500322,500322,2025-12-20,64370.95,Pending
INV500391,500391,2025-09-12,20694.14,Paid
INV500838,500838,2025-07-07,7746.7,Pending
INV500574,500574,2025-12-30,16253.11,Paid
INV500091,500091,2024-05-09,12068.46,Pending
INV500417,500417,2025-03-26,8884.14,Paid
INV500559,500559,2025-10-18,7145.25,Paid
INV500078,500078,2024-06-05,27847.19,Pending
INV500997,500997,2025-02-24,29292.18,Pending
INV500364,500364,2024-11-09,6511.96,Pending
INV500906,500906,2024-07-09,21146.37,Matched Review
INV500084,500084,2025-02-18,4698.93,Paid
INV500126,500126,2025-08-17,27911.6,Paid
INV500725,500725,2024-10-20,9799.17,Paid
INV501161,501161,2025-06-21,19381.74,Matched Review
INV500630,500630,2025-01-02,34461.65,Pending
INV500791,500791,2024-11-14,28265.34,Pending
INV500526,500526,2026-01-11,19776.4,Paid
INV500898,500898,2025-07-05,37370.47,Paid
INV500215,500215,2025-01-09,3944.63,Matched Review
INV501420,501420,2024-05-16,3096.4,Paid
INV501598,501598,2025-05-20,21147.46,Matched Review
INV501496,501496,2024-01-14,34870.43,Paid
INV501555,501555,2024-03-10,13737.89,Pending
INV501373,501373,2025-05-19,16702.67,Pending
INV501165,501165,2024-09-23,34117.07,Pending
INV501718,501718,2025-06-15,6675.58,Matched Review
INV501761,501761,2025-07-20,11050.27,Matched Review
INV501404,501404,2024-06-08,26862.66,Pending
INV501590,501590,2025-12-10,3237.15,Paid
INV501296,501296,2024-08-01,9546.71,Matched Review
INV500019,500019,2025-05-01,18263.72,Paid
INV500311,500311,2025-02-16,13647.79,Paid
INV500655,500655,2025-09-05,4511.56,Pending
INV501123,501123,2024-09-29,7027.21,Pending
INV501777,501777,2024-06-07,32446.75,Paid
INV501619,501619,2024-06-27,10855.91,Matched Review
INV501198,501198,2024-02-26,18561.88,Paid
INV501011,501011,2025-03-14,28461.09,Pending
INV500847,500847,2024-07-15,26106.91,Paid
INV501176,501176,2025-12-04,29086.52,Paid
INV501269,501269,2024-02-12,8912.3,Matched Review
INV501125,501125,2025-02-05,4735.7,Matched Review
INV501133,501133,2024-06-19,18830.9,Matched Review
INV501349,501349,2026-01-01,17215.52,Pending
INV500905,500905,2025-01-08,36175.63,Pending
INV500581,500581,2024-11-18,16562.25,Matched Review
INV500776,500776,2025-11-15,17875.81,Pending
INV500756,500756,2024-11-26,10680.39,Paid
INV500893,500893,2024-12-26,11612.1,Matched Review
INV500263,500263,2024-07-22,34127.81,Pending
INV500074,500074,2024-06-13,19130.73,Pending
INV500767,500767,2025-03-04,5767.82,Paid
INV501499,501499,2024-04-23,44501.05,Pending
INV501053,501053,2024-07-04,17553.02,Matched Review
INV501474,501474,2024-12-12,25672.64,Matched Review
INV500680,500680,2025-02-22,28524.67,Pending
INV500341,500341,2024-12-08,36641.76,Pending
INV500063,500063,2024-02-28,12766.85,Pending
INV500586,500586,2025-11-07,32409.47,Pending
INV500975,500975,2024-11-03,28176.23,Paid
INV501387,501387,2026-03-03,6814.45,Pending
INV501371,501371,2024-08-16,20667.54,Pending
INV501484,501484,2025-05-21,9147.78,Paid
INV501224,501224,2024-03-29,25621.19,Matched Review
INV500485,500485,2025-02-15,38885.0,Paid
INV501562,501562,2024-10-07,10978.05,Paid
INV501705,501705,2025-03-02,34524.0,Pending
INV501587,501587,2025-03-21,27998.81,Pending
INV501292,501292,2025-08-19,6842.28,Pending
INV500702,500702,2025-05-16,21344.48,Pending
INV500396,500396,2025-08-26,11348.14,Matched Review
INV500102,500102,2025-05-07,13176.01,Paid
INV500722,500722,2024-05-23,15761.67,Matched Review
INV501290,501290,2024-05-21,28675.57,Pending
INV501584,501584,2024-03-13,682.88,Matched Review
INV500308,500308,2024-03-12,26111.43,Pending
INV501731,501731,2024-08-07,3284.18,Paid
INV500181,500181,2024-05-23,377.22,Matched Review
INV501225,501225,2025-05-26,7135.1,Pending
INV501438,501438,2024-01-17,20839.03,Matched Review
INV501409,501409,2024-04-05,13252.26,Paid
INV501381,501381,2025-08-14,9617.36,Pending
INV500015,500015,2024-10-21,26463.22,Pending
INV501115,501115,2024-05-29,22925.4,Matched Review
INV500716,500716,2024-09-23,49812.91,Pending
INV501287,501287,2025-09-19,24011.08,Paid
INV500250,500250,2024-07-31,9973.39,Paid
INV500784,500784,2024-03-22,15917.38,Matched Review
INV501774,501774,2025-02-10,21833.4,Matched Review
INV500305,500305,2025-08-15,27701.69,Pending
INV500812,500812,2024-06-15,29201.41,Pending
INV501384,501384,2024-09-04,24352.78,Pending
INV500507,500507,2024-10-21,5166.17,Pending
INV501164,501164,2024-07-22,21495.13,Pending
INV501760,501760,2025-09-17,12802.56,Paid
INV501307,501307,2025-12-19,31097.62,Matched Review
INV500107,500107,2025-07-17,16661.0,Matched Review
INV500626,500626,2025-08-13,13450.02,Matched Review
INV501751,501751,2025-10-29,6429.05,Paid
INV501576,501576,2024-12-24,19992.97,Matched Review
INV500169,500169,2024-06-09,4900.67,Paid
INV500221,500221,2024-02-06,26798.89,Matched Review
INV501561,501561,2025-06-02,5471.06,Paid
INV501288,501288,2026-01-29,14256.58,Paid
INV501457,501457,2025-01-10,411.1,Paid
INV500983,500983,2024-06-15,7140.85,Pending
INV500295,500295,2024-10-12,1258.15,Paid
INV501564,501564,2024-06-01,16413.77,Matched Review
INV500209,500209,2024-04-07,23838.25,Matched Review
INV501397,501397,2025-12-20,21453.38,Matched Review
INV500801,500801,2026-01-21,20474.2,Matched Review
INV500672,500672,2025-12-25,7751.97,Pending
INV500182,500182,2025-09-06,15325.53,Matched Review
INV500473,500473,2025-07-02,17880.45,Matched Review
INV501078,501078,2024-02-18,29476.18,Pending
INV500523,500523,2026-01-08,6600.94,Paid
INV500958,500958,2024-09-14,26469.1,Paid
INV501748,501748,2025-01-01,33365.66,Paid
INV500521,500521,2024-09-21,13479.87,Matched Review
INV501727,501727,2025-01-23,2336.41,Matched Review
INV500596,500596,2024-04-17,10044.82,Paid
INV501614,501614,2025-01-07,5760.46,Matched Review
INV501187,501187,2025-07-19,44315.15,Pending
INV501119,501119,2024-04-18,8372.8,Paid
INV500804,500804,2024-09-22,34310.41,Pending
INV500584,500584,2024-12-06,16367.53,Pending
INV500968,500968,2024-07-21,4333.41,Matched Review
INV500482,500482,2024-09-10,32845.29,Pending
INV501604,501604,2024-10-07,1636.04,Matched Review
INV500652,500652,2025-09-28,25469.24,Pending
INV500777,500777,2024-12-17,13221.91,Matched Review
INV500953,500953,2025-08-29,6674.62,Paid
INV500185,500185,2026-02-05,17854.54,Pending
INV500504,500504,2024-09-29,26143.78,Paid
INV500094,500094,2025-08-06,1952.74,Matched Review
INV501553,501553,2024-01-15,11788.18,Matched Review
INV500682,500682,2024-12-28,14315.04,Matched Review
INV500220,500220,2024-10-16,8986.42,Pending
INV501676,501676,2024-04-26,28925.63,Matched Review
INV500131,500131,2025-10-08,15218.95,Pending
INV501380,501380,2025-09-06,29627.94,Pending
INV501787,501787,2024-03-16,7928.4,Paid
INV500115,500115,2025-04-25,12561.17,Pending
INV500887,500887,2024-04-02,2343.58,Pending
INV501746,501746,2025-11-02,37804.37,Matched Review
INV500081,500081,2025-05-05,10201.34,Paid
INV500932,500932,2025-08-11,4198.92,Pending
INV500055,500055,2025-02-14,1193.17,Matched Review
INV501606,501606,2025-09-14,11150.57,Paid
INV500839,500839,2024-10-18,6389.55,Paid
INV500790,500790,2025-08-27,24583.45,Pending
INV501612,501612,2025-03-10,9345.81,Paid
INV500124,500124,2025-03-14,8530.99,Paid
INV501009,501009,2025-01-10,16295.6,Pending
INV501563,501563,2025-05-20,13089.55,Matched Review
INV501654,501654,2025-03-23,17385.47,Pending
INV501314,501314,2025-07-26,37989.38,Paid
INV500040,500040,2024-04-28,41881.58,Paid
INV501698,501698,2024-12-25,41019.6,Pending
INV500424,500424,2025-01-10,31054.11,Matched Review
INV500772,500772,2025-07-08,4046.96,Paid
INV501578,501578,2025-06-29,29683.27,Paid
INV501528,501528,2025-11-12,9568.98,Paid
INV500193,500193,2024-09-23,15633.68,Pending
INV500475,500475,2024-08-24,13725.99,Paid
INV500204,500204,2025-03-16,58491.87,Pending
INV500025,500025,2024-07-28,15878.42,Pending
INV500008,500008,2025-08-03,20342.07,Paid
INV500644,500644,2024-07-27,56235.84,Paid
INV500061,500061,2024-04-12,3853.04,Pending
INV500476,500476,2025-09-10,22833.26,Paid
INV501031,501031,2024-12-01,16059.95,Pending
INV501712,501712,2024-05-09,46982.96,Paid
INV501218,501218,2025-03-15,1384.44,Paid
INV500118,500118,2024-08-02,29102.94,Pending
INV501082,501082,2024-04-26,20286.22,Paid
INV501126,501126,2024-10-14,23000.42,Matched Review
INV500452,500452,2024-02-19,16650.88,Paid
INV500807,500807,2024-07-10,4178.13,Matched Review
INV501609,501609,2024-08-17,19872.57,Paid
INV501201,501201,2025-06-01,19419.26,Paid
INV501105,501105,2024-05-19,21412.51,Matched Review
INV501246,501246,2025-10-14,1941.95,Paid
INV500213,500213,2024-11-26,41040.35,Pending
INV500385,500385,2025-07-04,24765.32,Pending
INV500109,500109,2025-07-12,23114.05,Matched Review
INV501677,501677,2025-09-03,36329.39,Matched Review
INV500542,500542,2024-09-17,8091.19,Matched Review
INV500360,500360,2025-07-29,21065.88,Pending
INV500177,500177,2025-07-20,3617.82,Matched Review
INV500352,500352,2024-09-07,51982.0,Pending
INV501109,501109,2024-03-28,20795.24,Pending
INV501261,501261,2024-08-04,14835.61,Matched Review
INV500761,500761,2024-09-29,17995.14,Paid
INV500491,500491,2024-07-20,43541.99,Paid
INV501070,501070,2024-03-26,12142.35,Matched Review
INV501184,501184,2024-10-24,24318.2,Paid
INV500267,500267,2025-11-26,15276.48,Matched Review
INV500321,500321,2024-07-19,21310.97,Pending
INV500593,500593,2025-06-23,15497.17,Pending
INV500624,500624,2025-01-19,48290.31,Paid
INV500855,500855,2025-12-01,12918.35,Pending
INV500082,500082,2024-10-01,27688.42,Pending
INV500269,500269,2025-10-16,11722.35,Matched Review
INV501462,501462,2025-02-25,15468.97,Matched Review
INV500268,500268,2025-12-28,7919.58,Pending
INV500098,500098,2025-07-21,13956.58,Matched Review
INV500143,500143,2024-04-19,3626.4,Paid
INV500943,500943,2024-03-20,54708.96,Paid
INV500531,500531,2024-12-20,16893.11,Pending
INV500379,500379,2024-10-28,19808.64,Paid
INV500062,500062,2024-04-29,11857.7,Paid
INV501756,501756,2024-12-30,13339.72,Matched Review
INV500782,500782,2025-08-11,29854.52,Pending
INV501293,501293,2024-09-05,11025.42,Paid
INV500862,500862,2025-11-28,25895.67,Matched Review
INV501096,501096,2024-09-14,33542.97,Paid
INV501691,501691,2025-12-22,8863.41,Paid
INV500023,500023,2025-11-29,34888.61,Matched Review
INV500629,500629,2024-10-20,23110.28,Pending
INV501194,501194,2024-02-05,11360.92,Matched Review
INV501411,501411,2024-05-02,13738.36,Matched Review
INV500774,500774,2024-04-12,38257.62,Paid
INV500384,500384,2024-05-23,24651.47,Pending
INV500349,500349,2024-03-08,34664.1,Paid
INV501331,501331,2025-04-14,22131.02,Matched Review
INV500351,500351,2025-07-08,26014.79,Pending
INV500658,500658,2025-10-01,48209.64,Pending
INV501093,501093,2025-11-13,4794.91,Pending
INV501455,501455,2025-01-26,13738.45,Matched Review
INV500435,500435,2025-10-22,27795.13,Paid
INV500688,500688,2025-03-11,9261.98,Paid
INV500217,500217,2024-02-23,35061.86,Matched Review
INV501275,501275,2025-07-04,18862.51,Paid
INV500388,500388,2024-05-29,9415.67,Paid
INV501781,501781,2025-08-31,8712.75,Matched Review
INV501276,501276,2025-10-27,19781.86,Paid
INV500178,500178,2025-12-23,38439.9,Pending
INV501390,501390,2026-02-25,24114.28,Pending
INV500715,500715,2024-09-13,20905.05,Paid
INV500459,500459,2024-12-10,6696.1,Paid
INV500865,500865,2024-09-20,19700.3,Pending
INV501659,501659,2024-03-30,23976.09,Paid
INV500004,500004,2025-04-29,38517.95,Pending
INV500264,500264,2025-07-01,35037.33,Matched Review
INV500433,500433,2025-11-13,12690.75,Paid
INV500492,500492,2025-08-24,5521.69,Pending
INV500505,500505,2025-08-12,42516.29,Paid
INV500971,500971,2024-06-14,2740.36,Pending
INV500647,500647,2024-03-23,13395.59,Matched Review
INV500764,500764,2024-10-11,32922.81,Paid
INV500398,500398,2025-04-07,17752.81,Pending
INV501016,501016,2025-12-07,34526.12,Matched Review
INV501571,501571,2025-12-19,23981.5,Matched Review
INV501251,501251,2024-09-27,26609.48,Matched Review
INV500445,500445,2024-08-31,3162.82,Paid
INV500537,500537,2025-05-15,21219.78,Pending
INV501260,501260,2024-04-27,12136.79,Matched Review
INV501492,501492,2024-10-18,16897.64,Paid
INV500753,500753,2026-02-14,22374.45,Matched Review
INV500201,500201,2025-06-02,24693.05,Pending
INV500202,500202,2025-10-25,4103.92,Pending
INV501595,501595,2024-04-26,10031.57,Pending
INV501039,501039,2024-02-29,18304.45,Paid
INV501254,501254,2025-08-20,15278.27,Paid
INV501780,501780,2025-03-03,21140.6,Matched Review
INV501169,501169,2024-12-18,25289.1,Pending
INV500564,500564,2026-03-03,25528.14,Paid
INV500883,500883,2024-04-08,28339.76,Paid
INV500769,500769,2025-09-02,3196.6,Pending
INV500700,500700,2024-06-05,12832.56,Paid
INV501124,501124,2025-12-12,22229.11,Pending
INV500508,500508,2024-11-07,11674.37,Paid
INV501170,501170,2025-03-29,24719.3,Paid
INV501436,501436,2024-10-14,8849.38,Matched Review
INV500472,500472,2024-10-22,39033.55,Pending
INV500033,500033,2024-11-15,28049.9,Pending
INV500272,500272,2024-08-23,25603.56,Paid
INV500408,500408,2024-07-12,13440.05,Matched Review
INV500904,500904,2025-10-08,24483.96,Matched Review
INV501148,501148,2025-02-17,39449.43,Matched Review
INV500821,500821,2025-07-17,27389.53,Matched Review
INV500471,500471,2025-08-25,25418.28,Matched Review
INV501183,501183,2025-01-30,10033.87,Paid
INV501026,501026,2025-09-01,11026.11,Paid
INV500911,500911,2025-01-14,10108.55,Paid
INV501193,501193,2025-11-03,34113.75,Matched Review
INV501754,501754,2025-12-15,42136.54,Paid
INV500383,500383,2024-08-01,24337.28,Pending
INV500275,500275,2025-01-15,3707.61,Pending
INV501018,501018,2025-12-07,10942.09,Matched Review
INV500007,500007,2025-10-10,6406.89,Pending
INV500901,500901,2025-05-04,36952.96,Matched Review
INV501029,501029,2024-12-10,36561.24,Matched Review
INV501726,501726,2024-11-18,32275.36,Matched Review
INV500211,500211,2024-11-03,7257.28,Matched Review
INV500123,500123,2024-02-15,1215.67,Paid
INV501610,501610,2024-03-07,1123.29,Pending
INV500826,500826,2024-10-17,16516.2,Paid
INV500002,500002,2024-04-03,495.38,Paid
INV500814,500814,2025-01-28,1206.51,Pending
INV501359,501359,2025-02-11,13720.81,Pending
INV501120,501120,2025-09-23,34168.49,Paid
INV501089,501089,2025-04-14,13434.82,Pending
INV500941,500941,2025-10-20,37905.28,Matched Review
INV500312,500312,2025-07-19,10682.99,Matched Review
INV500235,500235,2024-11-01,5343.27,Matched Review
INV500101,500101,2025-09-28,23507.3,Pending
INV501199,501199,2024-08-07,27164.9,Matched Review
INV500319,500319,2025-06-03,15885.78,Pending
INV501230,501230,2024-05-27,14969.45,Pending
INV500339,500339,2024-02-14,15703.14,Paid
INV500404,500404,2024-02-26,10586.56,Paid
INV500390,500390,2024-02-16,9715.71,Matched Review
INV500104,500104,2026-01-16,29102.64,Pending
INV500197,500197,2025-07-12,1943.0,Pending
INV501445,501445,2025-12-11,28012.37,Pending
INV500591,500591,2025-12-21,34530.59,Paid
INV500942,500942,2024-11-04,23416.77,Matched Review
INV501489,501489,2025-07-21,25735.87,Paid
INV500622,500622,2024-09-13,28922.92,Matched Review
INV500135,500135,2025-06-24,5774.9,Paid
INV501449,501449,2025-03-21,2782.45,Pending
INV500701,500701,2025-08-06,9157.53,Pending
INV501217,501217,2024-09-06,45802.15,Pending
INV501167,501167,2024-07-13,4301.09,Pending
INV500411,500411,2025-08-06,12931.91,Matched Review
INV500299,500299,2024-10-11,20602.47,Paid
INV501451,501451,2025-03-01,28034.85,Pending
INV501326,501326,2024-04-15,3647.74,Matched Review
INV500669,500669,2025-11-05,26949.19,Pending
INV500465,500465,2024-11-15,40219.5,Matched Review
INV500600,500600,2024-09-17,30499.52,Pending
INV500552,500552,2025-03-26,45418.76,Matched Review
INV501153,501153,2026-01-28,4047.47,Paid
INV500161,500161,2025-04-19,16044.44,Pending
INV500636,500636,2025-12-29,26838.48,Pending
INV501399,501399,2025-08-13,12175.64,Paid
INV501758,501758,2024-06-30,10001.75,Pending
INV501515,501515,2025-11-08,9846.82,Paid
INV500615,500615,2025-02-04,25112.85,Pending
INV501130,501130,2024-06-06,6418.48,Matched Review
INV501537,501537,2026-01-30,8426.36,Matched Review
INV501354,501354,2024-12-14,35147.36,Matched Review
INV501740,501740,2025-09-19,4553.91,Paid
INV500236,500236,2024-11-21,22108.15,Pending
INV501577,501577,2025-04-22,20541.08,Matched Review
INV500086,500086,2024-06-07,29696.66,Matched Review
INV500366,500366,2025-01-12,30230.52,Pending
INV501672,501672,2025-04-17,3006.27,Matched Review
INV500233,500233,2025-03-27,9032.23,Pending
INV501010,501010,2025-02-19,10820.54,Paid
INV500372,500372,2026-01-22,16709.87,Pending
INV500017,500017,2024-11-08,28702.76,Pending
INV501621,501621,2025-09-18,9866.16,Pending
INV501071,501071,2024-05-21,26538.46,Paid
INV501749,501749,2024-12-14,16112.64,Paid
INV500573,500573,2025-07-24,15483.48,Matched Review
INV500345,500345,2025-04-17,32615.59,Matched Review
INV500130,500130,2026-02-20,3876.27,Pending
INV500270,500270,2024-08-27,10054.22,Pending
INV500614,500614,2024-11-02,24706.42,Matched Review
INV501636,501636,2025-07-05,17240.83,Matched Review
INV500095,500095,2024-05-04,7146.72,Paid
INV501467,501467,2025-03-07,21637.13,Paid
INV501686,501686,2025-12-15,33749.57,Matched Review
INV501678,501678,2025-05-18,24136.89,Paid
INV500628,500628,2025-02-10,35528.62,Pending
INV500196,500196,2024-09-02,3186.31,Pending
INV501682,501682,2025-01-19,13086.11,Pending
INV501357,501357,2024-06-16,49657.18,Matched Review
INV500243,500243,2025-11-09,30198.91,Paid
INV500882,500882,2024-08-07,72298.31,Paid
INV501104,501104,2025-04-05,927.36,Matched Review
INV501775,501775,2025-02-26,13500.03,Matched Review
INV500044,500044,2024-05-23,22969.4,Matched Review
INV500802,500802,2025-02-10,12572.89,Pending
INV501045,501045,2025-02-28,8758.2,Paid
INV500206,500206,2024-08-25,5175.74,Pending
INV501513,501513,2024-09-06,24083.59,Paid
INV501231,501231,2024-02-21,26515.67,Paid
INV500793,500793,2025-03-12,18368.58,Paid
INV500362,500362,2025-09-15,13674.85,Paid
INV500092,500092,2025-09-23,17533.45,Pending
INV501317,501317,2025-02-06,19613.81,Pending
INV501175,501175,2025-09-24,18126.46,Matched Review
INV501429,501429,2024-05-03,6163.76,Matched Review
INV500083,500083,2024-09-24,17933.13,Matched Review
INV501112,501112,2024-10-23,32280.18,Pending
INV501494,501494,2024-06-21,2464.91,Pending
INV501166,501166,2025-06-11,3374.85,Paid
INV501281,501281,2025-12-02,17319.37,Paid
INV501461,501461,2024-07-14,3288.21,Pending
INV500340,500340,2025-06-10,7297.99,Matched Review
INV501434,501434,2024-07-05,35140.77,Pending
INV501684,501684,2025-10-30,33320.73,Paid
INV501064,501064,2025-06-27,14961.34,Paid
INV500734,500734,2024-11-18,12794.77,Paid
INV500097,500097,2025-04-17,20742.11,Matched Review
INV500085,500085,2025-04-09,9902.1,Matched Review
INV500818,500818,2025-07-25,13938.84,Pending
INV501255,501255,2025-02-06,2619.7,Matched Review
INV500757,500757,2025-06-22,30224.14,Matched Review
INV500703,500703,2025-03-06,21361.05,Paid
INV500763,500763,2024-04-23,6165.84,Paid
INV501724,501724,2024-04-04,3013.63,Paid
INV500315,500315,2024-06-21,7819.71,Pending
INV501417,501417,2025-06-16,9247.78,Pending
INV500885,500885,2025-01-03,12951.32,Pending
INV500779,500779,2025-04-29,31749.2,Pending
INV500711,500711,2024-08-25,25681.79,Pending
INV500620,500620,2025-04-10,16591.25,Matched Review
INV501014,501014,2025-09-01,15719.22,Paid
INV500634,500634,2025-03-20,10397.28,Pending
INV500556,500556,2025-05-20,34463.83,Matched Review
INV501197,501197,2024-10-08,15229.17,Paid
INV500198,500198,2025-02-06,30607.76,Pending
INV501667,501667,2026-01-08,13208.4,Matched Review
INV500852,500852,2024-12-21,7723.12,Paid
INV501502,501502,2025-12-15,7986.96,Pending
INV501630,501630,2025-11-01,29996.34,Matched Review
INV501386,501386,2026-01-19,11088.53,Pending
INV500979,500979,2024-11-09,17619.79,Paid
INV500785,500785,2024-04-24,12027.67,Pending
INV501226,501226,2024-10-05,39345.7,Paid
INV500141,500141,2024-07-28,30272.79,Pending
INV501337,501337,2025-09-05,4883.26,Paid
INV500915,500915,2025-07-20,21737.36,Matched Review
INV500049,500049,2026-01-06,24255.38,Matched Review
INV501393,501393,2024-12-30,17518.78,Paid
INV501052,501052,2025-07-25,4183.3,Matched Review
INV500951,500951,2025-12-09,26650.42,Matched Review
INV501121,501121,2024-11-19,3071.62,Matched Review
INV500770,500770,2024-10-13,32101.95,Paid
INV501770,501770,2024-03-29,11463.98,Matched Review
INV500242,500242,2024-12-05,43328.22,Pending
INV500029,500029,2025-04-12,18286.13,Paid
INV501257,501257,2025-05-08,6757.98,Matched Review
INV501665,501665,2025-09-02,21439.57,Paid
INV501694,501694,2024-10-27,14512.67,Paid
INV501085,501085,2024-05-22,31535.88,Pending
INV500013,500013,2024-09-25,8823.2,Paid
INV501645,501645,2025-04-20,22573.48,Pending
INV501046,501046,2025-12-27,34831.65,Paid
INV501094,501094,2024-02-04,9502.29,Paid
INV500986,500986,2025-08-06,24833.31,Pending
INV500174,500174,2025-03-08,24562.26,Matched Review
INV501063,501063,2026-01-31,6625.55,Pending
INV501568,501568,2025-12-29,20835.51,Pending
INV500470,500470,2024-11-10,8764.07,Pending
INV500273,500273,2025-12-19,19560.17,Paid
INV500900,500900,2025-05-01,23464.07,Matched Review
INV501374,501374,2025-02-16,27624.67,Pending
INV500674,500674,2025-08-15,12596.59,Pending
INV501544,501544,2025-05-31,689.64,Pending
INV500070,500070,2024-04-07,23471.07,Pending
INV501048,501048,2025-05-27,48292.04,Paid
INV501270,501270,2024-07-22,13101.2,Matched Review
INV500857,500857,2024-09-13,29910.51,Paid
INV501615,501615,2024-10-22,43061.14,Paid
INV500330,500330,2024-03-25,30592.18,Matched Review
INV500607,500607,2025-11-30,17070.63,Matched Review
INV500387,500387,2024-08-22,31320.78,Matched Review
INV500562,500562,2025-08-02,6170.66,Matched Review
INV500303,500303,2025-11-03,20105.05,Pending
INV501643,501643,2025-05-25,14679.4,Paid
INV501596,501596,2025-08-28,16614.25,Pending
INV501602,501602,2025-07-06,4797.85,Paid
INV501155,501155,2025-06-03,20105.06,Paid
INV500347,500347,2024-06-01,45522.17,Pending
INV501211,501211,2024-06-21,33847.46,Matched Review
INV500356,500356,2025-03-05,13298.05,Paid
INV501567,501567,2026-02-24,975.89,Pending
INV501463,501463,2025-01-09,29312.5,Matched Review
INV500698,500698,2025-05-05,7592.5,Matched Review
INV500848,500848,2025-01-22,41531.4,Pending
INV501530,501530,2024-07-04,7923.5,Pending
INV500623,500623,2024-03-18,11935.02,Matched Review
INV501162,501162,2024-06-02,30095.46,Pending
INV500529,500529,2025-04-19,12045.31,Pending
INV500797,500797,2025-08-01,2634.97,Paid
INV501348,501348,2025-04-22,18356.3,Paid
INV500218,500218,2024-09-10,15896.55,Pending
INV500604,500604,2024-02-18,44839.72,Paid
INV500925,500925,2025-11-10,14375.7,Matched Review
INV501023,501023,2025-01-18,9242.88,Paid
INV500884,500884,2025-08-30,36245.21,Paid
INV500454,500454,2024-07-10,14206.19,Pending
INV500511,500511,2024-11-24,15981.4,Pending
INV500416,500416,2025-06-20,13507.9,Paid
INV501652,501652,2025-04-07,28977.61,Paid
INV501229,501229,2025-10-31,18308.74,Paid
INV500808,500808,2024-01-15,34849.6,Paid
INV500689,500689,2024-05-09,23426.95,Pending
INV500836,500836,2024-12-14,410.28,Paid
INV500530,500530,2024-11-07,23824.13,Matched Review
INV501592,501592,2025-04-01,15647.35,Pending
INV500844,500844,2024-09-19,6147.82,Matched Review
INV500328,500328,2025-01-03,17078.19,Matched Review
INV500533,500533,2024-09-25,22910.82,Pending
INV501392,501392,2024-08-27,8817.04,Paid
INV500916,500916,2025-06-05,30623.48,Paid
INV500401,500401,2025-11-13,6939.23,Pending
INV501785,501785,2025-05-10,14350.98,Paid
INV501066,501066,2025-11-26,27233.18,Matched Review
INV501376,501376,2025-03-10,12142.39,Pending
INV500939,500939,2024-05-20,25370.73,Pending
INV501771,501771,2025-06-03,9185.79,Pending
INV500649,500649,2025-02-18,35342.97,Paid
INV500200,500200,2025-06-22,26641.15,Paid
INV501626,501626,2025-10-01,7769.33,Matched Review
INV501662,501662,2024-12-27,20850.29,Pending
INV501248,501248,2024-12-02,14287.74,Matched Review
INV500481,500481,2024-08-23,19944.79,Matched Review
INV501309,501309,2025-10-06,47506.99,Paid
INV500515,500515,2024-12-31,23193.33,Matched Review
INV501733,501733,2024-07-31,5768.72,Matched Review
INV501617,501617,2024-12-25,23293.11,Paid
INV500640,500640,2025-02-08,36335.84,Matched Review
INV501394,501394,2024-05-12,30693.12,Matched Review
